{
  "color": {
    "grey": {
      "0-rgb": {
        "value": "255 255 255",
        "attributes": { "category": "colors-rgb" }
      },
      "50-rgb": {
        "value": "244 246 251",
        "attributes": { "category": "colors-rgb" }
      },
      "100-rgb": {
        "value": "230 234 242",
        "attributes": { "category": "colors-rgb" }
      },
      "200-rgb": {
        "value": "211 215 223",
        "attributes": { "category": "colors-rgb" }
      },
      "300-rgb": {
        "value": "183 190 201",
        "attributes": { "category": "colors-rgb" }
      },
      "400-rgb": {
        "value": "102 111 125",
        "attributes": { "category": "colors-rgb" }
      },
      "500-rgb": {
        "value": "73 79 89",
        "attributes": { "category": "colors-rgb" }
      },
      "600-rgb": {
        "value": "54 58 66",
        "attributes": { "category": "colors-rgb" }
      },
      "700-rgb": {
        "value": "46 49 56",
        "attributes": { "category": "colors-rgb" }
      },
      "800-rgb": {
        "value": "36 38 41",
        "attributes": { "category": "colors-rgb" }
      },
      "900-rgb": {
        "value": "24 25 26",
        "attributes": { "category": "colors-rgb" }
      }
    },
    "blue": {
      "0-rgb": {
        "value": "242 247 255",
        "attributes": { "category": "colors-rgb" }
      },
      "50-rgb": {
        "value": "214 230 255",
        "attributes": { "category": "colors-rgb" }
      },
      "100-rgb": {
        "value": "180 208 253",
        "attributes": { "category": "colors-rgb" }
      },
      "200-rgb": {
        "value": "141 183 252",
        "attributes": { "category": "colors-rgb" }
      },
      "300-rgb": {
        "value": "94 149 237",
        "attributes": { "category": "colors-rgb" }
      },
      "400-rgb": {
        "value": "43 117 238",
        "attributes": { "category": "colors-rgb" }
      },
      "500-rgb": {
        "value": "17 92 212",
        "attributes": { "category": "colors-rgb" }
      },
      "600-rgb": {
        "value": "9 75 179",
        "attributes": { "category": "colors-rgb" }
      },
      "700-rgb": {
        "value": "4 60 149",
        "attributes": { "category": "colors-rgb" }
      },
      "800-rgb": {
        "value": "0 45 116",
        "attributes": { "category": "colors-rgb" }
      },
      "900-rgb": {
        "value": "0 30 76",
        "attributes": { "category": "colors-rgb" }
      }
    },
    "cyan": {
      "0-rgb": {
        "value": "235 249 255",
        "attributes": { "category": "colors-rgb" }
      },
      "50-rgb": {
        "value": "214 244 255",
        "attributes": { "category": "colors-rgb" }
      },
      "100-rgb": {
        "value": "180 229 249",
        "attributes": { "category": "colors-rgb" }
      },
      "200-rgb": {
        "value": "136 212 242",
        "attributes": { "category": "colors-rgb" }
      },
      "300-rgb": {
        "value": "81 192 236",
        "attributes": { "category": "colors-rgb" }
      },
      "400-rgb": {
        "value": "34 174 231",
        "attributes": { "category": "colors-rgb" }
      },
      "500-rgb": {
        "value": "0 158 219",
        "attributes": { "category": "colors-rgb" }
      },
      "600-rgb": {
        "value": "0 132 184",
        "attributes": { "category": "colors-rgb" }
      },
      "700-rgb": {
        "value": "0 100 140",
        "attributes": { "category": "colors-rgb" }
      },
      "800-rgb": {
        "value": "0 74 102",
        "attributes": { "category": "colors-rgb" }
      },
      "900-rgb": {
        "value": "0 56 77",
        "attributes": { "category": "colors-rgb" }
      }
    },
    "green": {
      "0-rgb": {
        "value": "239 251 243",
        "attributes": { "category": "colors-rgb" }
      },
      "50-rgb": {
        "value": "233 245 238",
        "attributes": { "category": "colors-rgb" }
      },
      "100-rgb": {
        "value": "201 232 220",
        "attributes": { "category": "colors-rgb" }
      },
      "200-rgb": {
        "value": "167 226 202",
        "attributes": { "category": "colors-rgb" }
      },
      "300-rgb": {
        "value": "121 210 175",
        "attributes": { "category": "colors-rgb" }
      },
      "400-rgb": {
        "value": "59 176 129",
        "attributes": { "category": "colors-rgb" }
      },
      "500-rgb": {
        "value": "0 153 93",
        "attributes": { "category": "colors-rgb" }
      },
      "600-rgb": {
        "value": "0 128 76",
        "attributes": { "category": "colors-rgb" }
      },
      "700-rgb": {
        "value": "0 107 64",
        "attributes": { "category": "colors-rgb" }
      },
      "800-rgb": {
        "value": "0 82 49",
        "attributes": { "category": "colors-rgb" }
      },
      "900-rgb": {
        "value": "0 61 37",
        "attributes": { "category": "colors-rgb" }
      }
    },
    "red": {
      "0-rgb": {
        "value": "252 243 243",
        "attributes": { "category": "colors-rgb" }
      },
      "50-rgb": {
        "value": "247 227 227",
        "attributes": { "category": "colors-rgb" }
      },
      "100-rgb": {
        "value": "241 205 205",
        "attributes": { "category": "colors-rgb" }
      },
      "200-rgb": {
        "value": "240 168 168",
        "attributes": { "category": "colors-rgb" }
      },
      "300-rgb": {
        "value": "228 103 103",
        "attributes": { "category": "colors-rgb" }
      },
      "400-rgb": {
        "value": "221 64 64",
        "attributes": { "category": "colors-rgb" }
      },
      "500-rgb": {
        "value": "193 41 41",
        "attributes": { "category": "colors-rgb" }
      },
      "600-rgb": {
        "value": "160 28 28",
        "attributes": { "category": "colors-rgb" }
      },
      "700-rgb": {
        "value": "118 9 9",
        "attributes": { "category": "colors-rgb" }
      },
      "800-rgb": {
        "value": "92 10 10",
        "attributes": { "category": "colors-rgb" }
      },
      "900-rgb": {
        "value": "69 8 8",
        "attributes": { "category": "colors-rgb" }
      }
    },
    "orange": {
      "0-rgb": {
        "value": "255 243 235",
        "attributes": { "category": "colors-rgb" }
      },
      "50-rgb": {
        "value": "255 234 219",
        "attributes": { "category": "colors-rgb" }
      },
      "100-rgb": {
        "value": "255 216 189",
        "attributes": { "category": "colors-rgb" }
      },
      "200-rgb": {
        "value": "255 187 138",
        "attributes": { "category": "colors-rgb" }
      },
      "300-rgb": {
        "value": "255 151 76",
        "attributes": { "category": "colors-rgb" }
      },
      "400-rgb": {
        "value": "244 121 32",
        "attributes": { "category": "colors-rgb" }
      },
      "500-rgb": {
        "value": "219 97 12",
        "attributes": { "category": "colors-rgb" }
      },
      "600-rgb": {
        "value": "174 77 9",
        "attributes": { "category": "colors-rgb" }
      },
      "700-rgb": {
        "value": "131 58 7",
        "attributes": { "category": "colors-rgb" }
      },
      "800-rgb": {
        "value": "97 43 5",
        "attributes": { "category": "colors-rgb" }
      },
      "900-rgb": {
        "value": "73 32 4",
        "attributes": { "category": "colors-rgb" }
      }
    },
    "purple": {
      "0-rgb": {
        "value": "242 235 255",
        "attributes": { "category": "colors-rgb" }
      },
      "50-rgb": {
        "value": "225 214 245",
        "attributes": { "category": "colors-rgb" }
      },
      "100-rgb": {
        "value": "208 189 239",
        "attributes": { "category": "colors-rgb" }
      },
      "200-rgb": {
        "value": "184 157 230",
        "attributes": { "category": "colors-rgb" }
      },
      "300-rgb": {
        "value": "164 129 223",
        "attributes": { "category": "colors-rgb" }
      },
      "400-rgb": {
        "value": "149 108 218",
        "attributes": { "category": "colors-rgb" }
      },
      "500-rgb": {
        "value": "125 75 210",
        "attributes": { "category": "colors-rgb" }
      },
      "600-rgb": {
        "value": "94 45 179",
        "attributes": { "category": "colors-rgb" }
      },
      "700-rgb": {
        "value": "77 37 147",
        "attributes": { "category": "colors-rgb" }
      },
      "800-rgb": {
        "value": "53 26 102",
        "attributes": { "category": "colors-rgb" }
      },
      "900-rgb": {
        "value": "32 13 63",
        "attributes": { "category": "colors-rgb" }
      }
    }
  }
}
