{
  "color": {
    "grey": {
      "0": { "value": "#FFFFFF", "attributes": { "category": "colors" } },
      "50": { "value": "#F8F9FC", "attributes": { "category": "colors" } },
      "100": { "value": "#E6EAF2", "attributes": { "category": "colors" } },
      "200": { "value": "#D3D7DF", "attributes": { "category": "colors" } },
      "300": { "value": "#B7BEC9", "attributes": { "category": "colors" } },
      "400": { "value": "#8993A3", "attributes": { "category": "colors" } },
      "500": { "value": "#494F59", "attributes": { "category": "colors" } },
      "600": { "value": "#363A42", "attributes": { "category": "colors" } },
      "700": { "value": "#2E3138", "attributes": { "category": "colors" } },
      "800": { "value": "#242629", "attributes": { "category": "colors" } },
      "900": { "value": "#18191A", "attributes": { "category": "colors" } }
    },
    "blue": {
      "0": { "value": "#F2F7FF", "attributes": { "category": "colors" } },
      "50": { "value": "#D6E6FF", "attributes": { "category": "colors" } },
      "100": { "value": "#B4D0FD", "attributes": { "category": "colors" } },
      "200": { "value": "#8DB7FC", "attributes": { "category": "colors" } },
      "300": { "value": "#5E95ED", "attributes": { "category": "colors" } },
      "400": { "value": "#2B75EE", "attributes": { "category": "colors" } },
      "500": { "value": "#115CD4", "attributes": { "category": "colors" } },
      "600": { "value": "#094BB3", "attributes": { "category": "colors" } },
      "700": { "value": "#043C95", "attributes": { "category": "colors" } },
      "800": { "value": "#002D74", "attributes": { "category": "colors" } },
      "900": { "value": "#001E4C", "attributes": { "category": "colors" } }
    },
    "cyan": {
      "0": { "value": "#EBF9FF", "attributes": { "category": "colors" } },
      "50": { "value": "#D6F4FF", "attributes": { "category": "colors" } },
      "100": { "value": "#B4E5F9", "attributes": { "category": "colors" } },
      "200": { "value": "#88D4F2", "attributes": { "category": "colors" } },
      "300": { "value": "#51C0EC", "attributes": { "category": "colors" } },
      "400": { "value": "#22AEE7", "attributes": { "category": "colors" } },
      "500": { "value": "#009EDB", "attributes": { "category": "colors" } },
      "600": { "value": "#0084B8", "attributes": { "category": "colors" } },
      "700": { "value": "#00648C", "attributes": { "category": "colors" } },
      "800": { "value": "#004A66", "attributes": { "category": "colors" } },
      "900": { "value": "#00384D", "attributes": { "category": "colors" } }
    },
    "green": {
      "0": { "value": "#EFFBF3", "attributes": { "category": "colors" } },
      "50": { "value": "#E9F5EE", "attributes": { "category": "colors" } },
      "100": { "value": "#C9E8DC", "attributes": { "category": "colors" } },
      "200": { "value": "#A7E2CA", "attributes": { "category": "colors" } },
      "300": { "value": "#79D2AF", "attributes": { "category": "colors" } },
      "400": { "value": "#3BB081", "attributes": { "category": "colors" } },
      "500": { "value": "#00995D", "attributes": { "category": "colors" } },
      "600": { "value": "#00804C", "attributes": { "category": "colors" } },
      "700": { "value": "#006B40", "attributes": { "category": "colors" } },
      "800": { "value": "#005231", "attributes": { "category": "colors" } },
      "900": { "value": "#003D25", "attributes": { "category": "colors" } }
    },
    "red": {
      "0": { "value": "#FCF3F3", "attributes": { "category": "colors" } },
      "50": { "value": "#F7E3E3", "attributes": { "category": "colors" } },
      "100": { "value": "#F1CDCD", "attributes": { "category": "colors" } },
      "200": { "value": "#F0A8A8", "attributes": { "category": "colors" } },
      "300": { "value": "#E46767", "attributes": { "category": "colors" } },
      "400": { "value": "#DD4040", "attributes": { "category": "colors" } },
      "500": { "value": "#C12929", "attributes": { "category": "colors" } },
      "600": { "value": "#A01C1C", "attributes": { "category": "colors" } },
      "700": { "value": "#760909", "attributes": { "category": "colors" } },
      "800": { "value": "#5C0A0A", "attributes": { "category": "colors" } },
      "900": { "value": "#450808", "attributes": { "category": "colors" } }
    },
    "orange": {
      "0": { "value": "#FFF3EB", "attributes": { "category": "colors" } },
      "50": { "value": "#FFEADB", "attributes": { "category": "colors" } },
      "100": { "value": "#FFD8BD", "attributes": { "category": "colors" } },
      "200": { "value": "#FFBB8A", "attributes": { "category": "colors" } },
      "300": { "value": "#FF974C", "attributes": { "category": "colors" } },
      "400": { "value": "#F47920", "attributes": { "category": "colors" } },
      "500": { "value": "#DB610C", "attributes": { "category": "colors" } },
      "600": { "value": "#AE4D09", "attributes": { "category": "colors" } },
      "700": { "value": "#833A07", "attributes": { "category": "colors" } },
      "800": { "value": "#612B05", "attributes": { "category": "colors" } },
      "900": { "value": "#492004", "attributes": { "category": "colors" } }
    },
    "purple": {
      "0": { "value": "#F2EBFF", "attributes": { "category": "colors" } },
      "50": { "value": "#E1D6F5", "attributes": { "category": "colors" } },
      "100": { "value": "#D0BDEF", "attributes": { "category": "colors" } },
      "200": { "value": "#B89DE6", "attributes": { "category": "colors" } },
      "300": { "value": "#A481DF", "attributes": { "category": "colors" } },
      "400": { "value": "#956CDA", "attributes": { "category": "colors" } }, 
      "500": { "value": "#7D4BD2", "attributes": { "category": "colors" } },
      "600": { "value": "#5E2DB3", "attributes": { "category": "colors" } },
      "700": { "value": "#4D2593", "attributes": { "category": "colors" } },
      "800": { "value": "#351A66", "attributes": { "category": "colors" } },
      "900": { "value": "#200D3F", "attributes": { "category": "colors" } }
    }
  }
}
