{
  "curve": {
    "productive": {
      "entrance": {
        "value": "cubic-bezier(0.39, 0.57, 0.56, 1)",
        "attributes": { "category": "motion", "type": "curves" }
      },
      "exit": {
        "value": "cubic-bezier(0.55, 0.09, 0.68, 0.53)",
        "attributes": { "category": "motion", "type": "curves" }
      }
    },
    "expressive": {
      "entrance": {
        "value": "cubic-bezier(0.17, 0.84, 0.44, 1)",
        "attributes": { "category": "motion", "type": "curves" }
      },
      "exit": {
        "value": "cubic-bezier(0.95, 0.05, 0.8, 0.04)",
        "attributes": { "category": "motion", "type": "curves" }
      }
    }
  },
  "duration": {
    "fast": {
      "01": {
        "value": "70ms",
        "attributes": { "category": "motion", "type": "duration" }
      },
      "02": {
        "value": "110ms",
        "attributes": { "category": "motion", "type": "duration" }
      }
    },
    "moderate": {
      "01": {
        "value": "150ms",
        "attributes": { "category": "motion", "type": "duration" }
      },
      "02": {
        "value": "240ms",
        "attributes": { "category": "motion", "type": "duration" }
      }
    },
    "slow": {
      "01": {
        "value": "400ms",
        "attributes": { "category": "motion", "type": "duration" }
      },
      "02": {
        "value": "700ms",
        "attributes": { "category": "motion", "type": "duration" }
      }
    }
  }
}
