{
  "border": {
    "radius": {
      "none": {
        "value": "0px",
        "attributes": { "category": "shape", "type": "border-radius" }
      },
      "xs": {
        "value": "4px",
        "attributes": { "category": "shape", "type": "border-radius" }
      },
      "sm": {
        "value": "8px",
        "attributes": { "category": "shape", "type": "border-radius" }
      },
      "md": {
        "value": "16px",
        "attributes": { "category": "shape", "type": "border-radius" }
      },
      "lg": {
        "value": "24px",
        "attributes": { "category": "shape", "type": "border-radius" }
      },
      "xl": {
        "value": "32px",
        "attributes": { "category": "shape", "type": "border-radius" }
      },
      "circular": {
        "value": "500px",
        "attributes": { "category": "shape", "type": "border-radius" }
      }
    },
    "width": {
      "none": {
        "value": "0px",
        "attributes": { "category": "shape", "type": "border-width" }
      },
      "xs": {
        "value": "1px",
        "attributes": { "category": "shape", "type": "border-width" }
      },
      "sm": {
        "value": "2px",
        "attributes": { "category": "shape", "type": "border-width" }
      },
      "md": {
        "value": "3px",
        "attributes": { "category": "shape", "type": "border-width" }
      },
      "lg": {
        "value": "4px",
        "attributes": { "category": "shape", "type": "border-width" }
      },
      "xl": {
        "value": "6x",
        "attributes": { "category": "shape", "type": "border-width" }
      }
    }
  },
  "opacity": {
    "super-low": {
      "value": ".16",
      "attributes": { "category": "shape", "type": "opacity" }
    },
    "low": {
      "value": ".32",
      "attributes": { "category": "shape", "type": "opacity" }
    },
    "high": {
      "value": ".50",
      "attributes": { "category": "shape", "type": "opacity" }
    },
    "super-high": {
      "value": ".80",
      "attributes": { "category": "shape", "type": "opacity" }
    }
  },
  "shadow": {
    "none": {
      "value": "0 0 0 0 0",
      "attributes": { "category": "shape", "type": "shadows" }
    },
    "level-1": {
      "value": "0px 4px 16px -2px rgb({color.grey.900-rgb} / {opacity.super-low})",
      "attributes": { "category": "shape", "type": "shadows" }
    },
    "level-2": {
      "value": "0px 12px 24px -6px rgb({color.grey.900-rgb} / {opacity.super-low})",
      "mobile": {
        "elevation": 10,
        "radius": 6.27,
        "color": "#121212"
      },
      "attributes": { "category": "shape", "type": "shadows" }
    },
    "level-3": {
      "value": "0px 16px 32px 0px rgb({color.grey.900-rgb} / {opacity.super-low})",
      "mobile": {
        "elevation": 18,
        "radius": 11.95,
        "color": "#121212"
      },
      "attributes": { "category": "shape", "type": "shadows" }
    }
  },
  "spacing": {
    "none": {
      "value": "0px",
      "attributes": { "category": "shape", "type": "spacing" }
    },
    "half": {
      "value": "4px",
      "attributes": { "category": "shape", "type": "spacing" }
    },
    "1x": {
      "value": "8px",
      "attributes": { "category": "shape", "type": "spacing" }
    },
    "1_5x": {
      "value": "12px",
      "attributes": { "category": "shape", "type": "spacing" }
    },
    "2x": {
      "value": "16px",
      "attributes": { "category": "shape", "type": "spacing" }
    },
    "2_5x": {
      "value": "20px",
      "attributes": { "category": "shape", "type": "spacing" }
    },
    "3x": {
      "value": "24px",
      "attributes": { "category": "shape", "type": "spacing" }
    },
    "4x": {
      "value": "32px",
      "attributes": { "category": "shape", "type": "spacing" }
    },
    "5x": {
      "value": "40px",
      "attributes": { "category": "shape", "type": "spacing" }
    },
    "6x": {
      "value": "48px",
      "attributes": { "category": "shape", "type": "spacing" }
    },
    "7x": {
      "value": "56px",
      "attributes": { "category": "shape", "type": "spacing" }
    },
    "8x": {
      "value": "64px",
      "attributes": { "category": "shape", "type": "spacing" }
    },
    "9x": {
      "value": "72px",
      "attributes": { "category": "shape", "type": "spacing" }
    },
    "10x": {
      "value": "80px",
      "attributes": { "category": "shape", "type": "spacing" }
    },
    "15x": {
      "value": "120px",
      "attributes": { "category": "shape", "type": "spacing" }
    },
    "20x": {
      "value": "160px",
      "attributes": { "category": "shape", "type": "spacing" }
    },
    "25x": {
      "value": "200px",
      "attributes": { "category": "shape", "type": "spacing" }
    }
  },
  "size": {
    "half": {
      "value": "4px",
      "attributes": { "category": "shape", "type": "size" }
    },
    "1x": {
      "value": "8px",
      "attributes": { "category": "shape", "type": "size" }
    },
    "2x": {
      "value": "16px",
      "attributes": { "category": "shape", "type": "size" }
    },
    "2_5x": {
      "value": "20px",
      "attributes": { "category": "shape", "type": "size" }
    },
    "3x": {
      "value": "24px",
      "attributes": { "category": "shape", "type": "size" }
    },
    "4x": {
      "value": "32px",
      "attributes": { "category": "shape", "type": "size" }
    },
    "5x": {
      "value": "40px",
      "attributes": { "category": "shape", "type": "size" }
    },
    "6x": {
      "value": "48px",
      "attributes": { "category": "shape", "type": "size" }
    },
    "7x": {
      "value": "56px",
      "attributes": { "category": "shape", "type": "size" }
    },
    "8x": {
      "value": "64px",
      "attributes": { "category": "shape", "type": "size" }
    },
    "9x": {
      "value": "72px",
      "attributes": { "category": "shape", "type": "size" }
    },
    "10x": {
      "value": "80px",
      "attributes": { "category": "shape", "type": "size" }
    },
    "11x": {
      "value": "88px",
      "attributes": { "category": "shape", "type": "size" }
    },
    "12x": {
      "value": "96px",
      "attributes": { "category": "shape", "type": "size" }
    },
    "13x": {
      "value": "104px",
      "attributes": { "category": "shape", "type": "size" }
    },
    "14x": {
      "value": "112px",
      "attributes": { "category": "shape", "type": "size" }
    },
    "15x": {
      "value": "120px",
      "attributes": { "category": "shape", "type": "size" }
    },
    "20x": {
      "value": "160px",
      "attributes": { "category": "shape", "type": "size" }
    },
    "25x": {
      "value": "200px",
      "attributes": { "category": "shape", "type": "size" }
    },
    "30x": {
      "value": "240px",
      "attributes": { "category": "shape", "type": "size" }
    },
    "35x": {
      "value": "280px",
      "attributes": { "category": "shape", "type": "size" }
    },
    "40x": {
      "value": "320px",
      "attributes": { "category": "shape", "type": "size" }
    }
  }
}
