{
  "font": {
    "family": {
      "brand": {
        "value": "Unimed Sans",
        "attributes": { "category": "type", "type": "font-family" }
      },
      "base": {
        "value": "Unimed Sans",
        "attributes": { "category": "type", "type": "font-family" }
      }
    },
    "weight": {
      "regular": {
        "value": 400,
        "attributes": { "category": "type", "type": "font-weight" }
      },
      "semibold": {
        "value": 600,
        "attributes": { "category": "type", "type": "font-weight" }
      },
      "bold": {
        "value": 700,
        "attributes": { "category": "type", "type": "font-weight" }
      }
    },
    "size": {
      "3xs": {
        "value": "12px",
        "attributes": { "category": "type", "type": "font-size" }
      },
      "2xs": {
        "value": "14px",
        "attributes": { "category": "type", "type": "font-size" }
      },
      "xs": {
        "value": "16px",
        "attributes": { "category": "type", "type": "font-size" }
      },
      "sm": {
        "value": "20px",
        "attributes": { "category": "type", "type": "font-size" }
      },
      "md": {
        "value": "24px",
        "attributes": { "category": "type", "type": "font-size" }
      },
      "lg": {
        "value": "40px",
        "attributes": { "category": "type", "type": "font-size" }
      },
      "xl": {
        "value": "48px",
        "attributes": { "category": "type", "type": "font-size" }
      },
      "2xl": {
        "value": "64px",
        "attributes": { "category": "type", "type": "font-size" }
      },
      "3xl": {
        "value": "80px",
        "attributes": { "category": "type", "type": "font-size" }
      }
    }
  },
  "line": {
    "height": {
      "default": {
        "value": "100%",
        "attributes": { "category": "type", "type": "line-height" }
      },
      "sm": {
        "value": "124%",
        "attributes": { "category": "type", "type": "line-height" }
      },
      "md": {
        "value": "132%",
        "attributes": { "category": "type", "type": "line-height" }
      },
      "lg": {
        "value": "160%",
        "attributes": { "category": "type", "type": "line-height" }
      }
    }
  },
  "letter": {
    "spacing": {
      "default": {
        "value": "0",
        "attributes": { "category": "type", "type": "letter-spacing" }
      },
      "negative": {
        "value": "-0.01em",
        "attributes": { "category": "type", "type": "letter-spacing" }
      },
      "positive": {
        "value": "0.01em",
        "attributes": { "category": "type", "type": "letter-spacing" }
      }
    }
  }
}
