{
  "_hover": {
    "expand": {
      "value": { "scale": "var(--hover-expand)" },
      "attributes": { "category": "alias", "type": "mixin-hover" }
    },
    "action-primary": {
      "value": { "background-color": "var(--hover-action-primary)" },
      "attributes": { "category": "alias", "type": "mixin-hover" }
    },
    "container": {
      "value": { "opacity": "var(--hover-container)" },
      "attributes": { "category": "alias", "type": "mixin-hover" }
    },
    "outline": {
      "value": { "border-color": "var(--hover-outline)" },
      "attributes": { "category": "alias", "type": "mixin-hover" }
    },
    "ghost": {
      "value": {
        "background-color": "var(--_hover-ghost)",
        "border-radius": "var(--border-radius-circular)"
      },
      "attributes": { "category": "alias", "type": "mixin-hover" }
    },
    "ghost-inverse": {
      "value": { "background-color": "var(--_hover-ghost-inverse)" },
      "attributes": { "category": "alias", "type": "mixin-hover" }
    }
  },
  "_on_hover": {
    "ghost": {
      "value": { "background-color": "var(--_on_hover-ghost)" },
      "attributes": { "category": "alias", "type": "mixin-hover" }
    }
  }
}
