{
  "action": {
    "bg": {
      "primary": {
        "color": {
          "value": "{color.blue.600}",
          "attributes": { "category": "alias", "type": "action" }
        }
      },
      "secondary": {
        "color": {
          "value": "{color.grey.700}",
          "attributes": { "category": "alias", "type": "action" }
        }
      },
      "highlight": {
        "color": {
          "value": "{color.grey.500}",
          "attributes": { "category": "alias", "type": "action" }
        }
      }
    },
    "border": {
      "primary": {
        "color": {
          "value": "{color.grey.0}",
          "attributes": { "category": "alias", "type": "action" }
        }
      },
      "secondary": {
        "color": {
          "value": "{color.grey.600}",
          "attributes": { "category": "alias", "type": "action" }
        }
      }
    },
    "label": {
      "primary": {
        "color": {
          "value": "{color.grey.0}",
          "attributes": { "category": "alias", "type": "action" }
        }
      },
      "secondary": {
        "color": {
          "value": "{color.grey.0}",
          "attributes": { "category": "alias", "type": "action" }
        }
      }
    },
    "icon": {
      "primary": {
        "color": {
          "value": "{color.grey.0}",
          "attributes": { "category": "alias", "type": "action" }
        }
      },
      "secondary": {
        "color": {
          "value": "{color.grey.0}",
          "attributes": { "category": "alias", "type": "action" }
        }
      }
    }
  },
  "on-action": {
    "label": {
      "primary": {
        "color": {
          "value": "{color.grey.0}",
          "attributes": { "category": "alias", "type": "action" }
        }
      },
      "secondary": {
        "color": {
          "value": "{color.grey.0}",
          "attributes": { "category": "alias", "type": "action" }
        }
      },
      "highlight": {
        "color": {
          "value": "{color.grey.0}",
          "attributes": { "category": "alias", "type": "action" }
        }
      }
    },
    "icon": {
      "primary": {
        "color": {
          "value": "{color.grey.0}",
          "attributes": { "category": "alias", "type": "action" }
        }
      },
      "secondary": {
        "color": {
          "value": "{color.grey.0}",
          "attributes": { "category": "alias", "type": "action" }
        }
      },
      "highlight": {
        "color": {
          "value": "{color.grey.0}",
          "attributes": { "category": "alias", "type": "action" }
        }
      }
    }
  }
}
