{
  "active": {
    "bg": {
      "color": {
        "value": "{color.grey.700}",
        "attributes": { "category": "alias", "type": "active" }
      }
    },
    "border": {
      "color": {
        "value": "{color.grey.0}",
        "attributes": { "category": "alias", "type": "active" }
      }
    },
    "icon": {
      "color": {
        "value": "{color.grey.0}",
        "attributes": { "category": "alias", "type": "active" }
      }
    },
    "label": {
      "color": {
        "value": "{color.grey.0}",
        "attributes": { "category": "alias", "type": "active" }
      }
    },
    "placeholder": {
      "color": {
        "value": "{color.grey.0}",
        "attributes": { "category": "alias", "type": "active" }
      }
    }
  },
  "on": {
    "active": {
      "icon": {
        "color": {
          "value": "{color.grey.0}",
          "attributes": { "category": "alias", "type": "active" }
        }
      },
      "label": {
        "color": {
          "value": "{color.grey.0}",
          "attributes": { "category": "alias", "type": "active" }
        }
      },
      "placeholder": {
        "color": {
          "value": "{color.grey.0}",
          "attributes": { "category": "alias", "type": "active" }
        }
      }
    }
  },
  "_active": {
    "click": {
      "value": "rgb({color.grey.400-rgb} / {opacity.super-low})",
      "attributes": { "category": "alias", "type": "active" }
    } 
  }
}
