{
  "hover": {
    "expand": {
      "value": "1.03",
      "attributes": { "category": "alias", "type": "hover" }
    },
    "action-primary": {
      "value": "{color.blue.700}",
      "attributes": { "category": "alias", "type": "hover" }
    },
    "container": {
      "value": "{opacity.super-high}",
      "attributes": { "category": "alias", "type": "hover" }
    },
    "outline": {
      "value": "{color.grey.0}",
      "attributes": { "category": "alias", "type": "hover" }
    }
  },
  "_hover": {
    "ghost": {
      "value": "rgb({color.grey.600-rgb} / {opacity.high})",
      "attributes": { "category": "alias", "type": "hover" }
    },
    "ghost-inverse": {
      "value": "rgb({color.grey.600-rgb} / {opacity.high})",
      "attributes": { "category": "alias", "type": "hover" }
    }
  },
  "_on_hover": {
    "ghost": {
      "value": "rgb({color.grey.0-rgb} / {opacity.super-high})",
      "attributes": { "category": "alias", "type": "hover" }
    }
  }
}
