{
  "informative": {
    "bg": {
      "color": {
        "value": "{color.cyan.0}",
        "attributes": { "category": "alias", "type": "informative" }
      }
    },
    "border": {
      "color": {
        "value": "{color.cyan.200}",
        "attributes": { "category": "alias", "type": "informative" }
      }
    },
    "icon": {
      "color": {
        "value": "{color.cyan.200}",
        "attributes": { "category": "alias", "type": "informative" }
      }
    },
    "label": {
      "color": {
        "value": "{color.cyan.200}",
        "attributes": { "category": "alias", "type": "informative" }
      }
    },
    "placeholder": {
      "color": {
        "value": "{color.cyan.200}",
        "attributes": { "category": "alias", "type": "informative" }
      }
    },
    "support-text": {
      "color": {
        "value": "{color.cyan.200}",
        "attributes": { "category": "alias", "type": "informative" }
      }
    },
    "heading": {
      "color": {
        "value": "{color.grey.0}",
        "attributes": { "category": "alias", "type": "informative" }
      }
    },
    "paragraph": {
      "color": {
        "value": "{color.cyan.200}",
        "attributes": { "category": "alias", "type": "informative" }
      }
    },
    "description": {
      "color": {
        "value": "{color.cyan.200}",
        "attributes": { "category": "alias", "type": "informative" }
      }
    }
  },
  "on": {
    "informative": {
      "bg": {
        "color": {
          "value": "{color.cyan.600}",
          "attributes": { "category": "alias", "type": "informative" }
        }
      },
      "icon": {
        "color": {
          "value": "{color.cyan.600}",
          "attributes": { "category": "alias", "type": "informative" }
        }
      },
      "label": {
        "color": {
          "value": "{color.cyan.800}",
          "attributes": { "category": "alias", "type": "informative" }
        }
      },
      "placeholder": {
        "color": {
          "value": "{color.cyan.800}",
          "attributes": { "category": "alias", "type": "informative" }
        }
      },
      "heading": {
        "color": {
          "value": "{color.cyan.800}",
          "attributes": { "category": "alias", "type": "informative" }
        }
      },
      "paragraph": {
        "color": {
          "value": "{color.cyan.800}",
          "attributes": { "category": "alias", "type": "informative" }
        }
      },
      "description": {
        "color": {
          "value": "{color.cyan.800}",
          "attributes": { "category": "alias", "type": "informative" }
        }
      }
    }
  }
}
