{
  "inverse": {
    "bg": {
      "color": {
        "value": "{color.grey.0}",
        "attributes": { "category": "alias", "type": "inverse" }
      }
    },
    "border": {
      "color": {
        "value": "{color.grey.0}",
        "attributes": { "category": "alias", "type": "inverse" }
      }
    },
    "icon": {
      "color": {
        "value": "{color.grey.0}",
        "attributes": { "category": "alias", "type": "inverse" }
      }
    },
    "label": {
      "color": {
        "value": "{color.grey.0}",
        "attributes": { "category": "alias", "type": "inverse" }
      }
    },
    "placeholder": {
      "color": {
        "value": "{color.grey.0}",
        "attributes": { "category": "alias", "type": "inverse" }
      }
    },
    "support-text": {
      "color": {
        "value": "{color.grey.0}",
        "attributes": { "category": "alias", "type": "inverse" }
      }
    },
    "heading": {
      "color": {
        "value": "{color.grey.0}",
        "attributes": { "category": "alias", "type": "inverse" }
      }
    },
    "paragraph": {
      "color": {
        "value": "{color.grey.0}",
        "attributes": { "category": "alias", "type": "inverse" }
      }
    },
    "description": {
      "color": {
        "value": "{color.grey.0}",
        "attributes": { "category": "alias", "type": "inverse" }
      }
    }
  },
  "on": {
    "inverse": {
      "bg": {
        "color": {
          "value": "{color.blue.800}",
          "attributes": { "category": "alias", "type": "inverse" }
        }
      },
      "icon": {
        "color": {
          "value": "{color.blue.800}",
          "attributes": { "category": "alias", "type": "inverse" }
        }
      },
      "label": {
        "color": {
          "value": "{color.blue.800}",
          "attributes": { "category": "alias", "type": "inverse" }
        }
      }
    }
  }
}
