{
  "pressed": {
    "expand": {
      "value": "1.03",
      "attributes": { "category": "alias", "type": "pressed" }
    },
    "action-primary": {
      "value": "{color.blue.700}",
      "attributes": { "category": "alias", "type": "pressed" }
    },
    "container": {
      "value": "{opacity.super-high}",
      "attributes": { "category": "alias", "type": "pressed" }
    },
    "outline": {
      "value": "{color.grey.0 }",
      "attributes": { "category": "alias", "type": "pressed" }
    }
  },
  "_pressed": {
    "ghost": {
      "value": "rgb({color.blue.0-rgb} / {opacity.high})",
      "attributes": { "category": "alias", "type": "pressed" }
    },
    "ghost-inverse": {
      "value": "rgb({color.grey.600-rgb} / {opacity.high})",
      "attributes": { "category": "alias", "type": "pressed" }
    }
  },
  "on_pressed": {
    "ghost": {
      "value": "rgb({color.grey.0-rgb} / {opacity.super-high})",
      "attributes": { "category": "alias", "type": "pressed" }
    }
  }
}
