{
  "selected": {
    "bg": {
      "color": {
        "01": {
          "value": "{color.green.500}",
          "attributes": { "category": "alias", "type": "selected" }
        },
        "02": {
          "value": "{color.blue.600}",
          "attributes": { "category": "alias", "type": "selected" }
        }
      }
    },
    "border": {
      "color": {
        "value": "{color.green.500}",
        "attributes": { "category": "alias", "type": "selected" }
      }
    },
    "label": {
      "color": {
        "value": "{color.grey.0}",
        "attributes": { "category": "alias", "type": "selected" }
      }
    },
    "icon": {
      "color": {
        "value": "{color.grey.0}",
        "attributes": { "category": "alias", "type": "selected" }
      }
    }
  },
  "on-selected": {
    "bg": {
      "color": {
        "value": "{color.grey.0}",
        "attributes": { "category": "alias", "type": "selected" }
      }
    },
    "label": {
      "color": {
        "value": "{color.grey.0}",
        "attributes": { "category": "alias", "type": "selected" }
      }
    },
    "icon": {
      "color": {
        "value": "{color.grey.0}",
        "attributes": { "category": "alias", "type": "selected" }
      }
    }
  }
}
