{
  "text": {
    "heading": {
      "color": {
        "value": "{color.grey.0}",
        "attributes": { "category": "alias", "type": "text-color" }
      }
    },
    "paragraph": {
      "color": {
        "value": "{color.grey.200}",
        "attributes": { "category": "alias", "type": "text-color" }
      }
    },
    "description": {
      "color": {
        "value": "{color.grey.200}",
        "attributes": { "category": "alias", "type": "text-color" }
      }
    },
    "label": {
      "color": {
        "value": "{color.grey.0}",
        "attributes": { "category": "alias", "type": "text-color" }
      }
    },
    "placeholder-01": {
      "color": {
        "value": "{color.grey.0}",
        "attributes": { "category": "alias", "type": "text-color" }
      }
    },
    "placeholder-02": {
      "color": {
        "value": "{color.grey.400}",
        "attributes": { "category": "alias", "type": "text-color" }
      }
    },
    "support-text": {
      "color": {
        "value": "{color.grey.0}",
        "attributes": { "category": "alias", "type": "text-color" }
      }
    }
  },
  "on-text": {
    "heading": {
      "color": {
        "value": "{color.grey.0}",
        "attributes": { "category": "alias", "type": "text-color" }
      }
    },
    "paragraph": {
      "color": {
        "value": "{color.grey.0}",
        "attributes": { "category": "alias", "type": "text-color" }
      }
    },
    "description": {
      "color": {
        "value": "{color.grey.0}",
        "attributes": { "category": "alias", "type": "text-color" }
      }
    },
    "label": {
      "color": {
        "value": "{color.grey.0}",
        "attributes": { "category": "alias", "type": "text-color" }
      }
    },
    "placeholder": {
      "color": {
        "value": "{color.grey.0}",
        "attributes": { "category": "alias", "type": "text-color" }
      }
    }
  }
}
