{
  "warning": {
    "bg": {
      "color": {
        "value": "{color.orange.0}",
        "attributes": { "category": "alias", "type": "warning" }
      }
    },
    "border": {
      "color": {
        "value": "{color.orange.200}",
        "attributes": { "category": "alias", "type": "warning" }
      }
    },
    "icon": {
      "color": {
        "value": "{color.orange.200}",
        "attributes": { "category": "alias", "type": "warning" }
      }
    },
    "label": {
      "color": {
        "value": "{color.orange.200}",
        "attributes": { "category": "alias", "type": "warning" }
      }
    },
    "placeholder": {
      "color": {
        "value": "{color.orange.200}",
        "attributes": { "category": "alias", "type": "warning" }
      }
    },
    "support-text": {
      "color": {
        "value": "{color.orange.200}",
        "attributes": { "category": "alias", "type": "warning" }
      }
    },
    "heading": {
      "color": {
        "value": "{color.grey.0}",
        "attributes": { "category": "alias", "type": "warning" }
      }
    },
    "paragraph": {
      "color": {
        "value": "{color.orange.200}",
        "attributes": { "category": "alias", "type": "warning" }
      }
    },
    "description": {
      "color": {
        "value": "{color.orange.200}",
        "attributes": { "category": "alias", "type": "warning" }
      }
    }
  },
  "on": {
    "warning": {
      "bg": {
        "color": {
          "value": "{color.orange.500}",
          "attributes": { "category": "alias", "type": "warning" }
        }
      },
      "icon": {
        "color": {
          "value": "{color.orange.500}",
          "attributes": { "category": "alias", "type": "warning" }
        }
      },
      "label": {
        "color": {
          "value": "{color.orange.700}",
          "attributes": { "category": "alias", "type": "warning" }
        }
      },
      "placeholder": {
        "color": {
          "value": "{color.orange.700}",
          "attributes": { "category": "alias", "type": "warning" }
        }
      },
      "heading": {
        "color": {
          "value": "{color.orange.700}",
          "attributes": { "category": "alias", "type": "warning" }
        }
      },
      "paragraph": {
        "color": {
          "value": "{color.orange.700}",
          "attributes": { "category": "alias", "type": "warning" }
        }
      },
      "description": {
        "color": {
          "value": "{color.orange.700}",
          "attributes": { "category": "alias", "type": "warning" }
        }
      }
    }
  }
}
