{
  "disabled": {
    "bg": {
      "color": {
        "value": "{color.grey.200}",
        "attributes": { "category": "alias", "type": "disabled" }
      }
    },
    "border": {
      "color": {
        "value": "{color.grey.200}",
        "attributes": { "category": "alias", "type": "disabled" }
      }
    },
    "label": {
      "color": {
        "value": "{color.grey.900}",
        "attributes": { "category": "alias", "type": "disabled" }
      }
    },
    "icon": {
      "color": {
        "value": "{color.grey.900}",
        "attributes": { "category": "alias", "type": "disabled" }
      }
    },
    "placeholder": {
      "color": {
        "value": "{color.grey.900}",
        "attributes": { "category": "alias", "type": "disabled" }
      }
    },
    "support-text": {
      "color": {
        "value": "{color.grey.900}",
        "attributes": { "category": "alias", "type": "disabled" }
      }
    },
    "opacity": {
      "value": "{opacity.low}",
      "attributes": { "category": "alias", "type": "disabled" }
    }
  },
  "on": {
    "disabled": {
      "bg": {
        "color": {
          "value": "{color.grey.400}",
          "attributes": { "category": "alias", "type": "disabled" }
        }
      },
      "label": {
        "color": {
          "value": "{color.grey.900}",
          "attributes": { "category": "alias", "type": "disabled" }
        }
      },
      "icon": {
        "color": {
          "value": "{color.grey.900}",
          "attributes": { "category": "alias", "type": "disabled" }
        }
      },
      "placeholder": {
        "color": {
          "value": "{color.grey.900}",
          "attributes": { "category": "alias", "type": "disabled" }
        }
      }
    }
  }
}
