{
  "elements": {
    "bg": {
      "color": {
        "01": {
          "value": "{color.grey.0}",
          "attributes": { "category": "alias", "type": "elements" }
        },
        "02": {
          "value": "{color.blue.0}",
          "attributes": { "category": "alias", "type": "elements" }
        },
        "03": {
          "value": "{color.blue.800}",
          "attributes": { "category": "alias", "type": "elements" }
        },
        "04": {
          "value": "{color.green.500}",
          "attributes": { "category": "alias", "type": "elements" }
        },
        "05": {
          "value": "{color.grey.50}",
          "attributes": { "category": "alias", "type": "elements" }
        }
      }
    },
    "border": {
      "color": {
        "value": "{color.grey.100}",
        "attributes": { "category": "alias", "type": "elements" }
      }
    },
    "icon": {
      "color": {
        "value": "{color.grey.900}",
        "attributes": { "category": "alias", "type": "elements" }
      }
    },
    "notification": {
      "color": {
        "value": "{color.orange.400}",
        "attributes": { "category": "alias", "type": "elements" }
      }
    }
  },
  "on-elements": {
    "icon": {
      "color": {
        "value": "{color.blue.800}",
        "attributes": { "category": "alias", "type": "elements" }
      }
    }
  }
}
