{
  "negative": {
    "bg": {
      "color": {
        "value": "{color.red.0}",
        "attributes": { "category": "alias", "type": "negative" }
      }
    },
    "border": {
      "color": {
        "value": "{color.red.500}",
        "attributes": { "category": "alias", "type": "negative" }
      }
    },
    "icon": {
      "color": {
        "value": "{color.red.500}",
        "attributes": { "category": "alias", "type": "negative" }
      }
    },
    "label": {
      "color": {
        "value": "{color.red.500}",
        "attributes": { "category": "alias", "type": "negative" }
      }
    },
    "placeholder": {
      "color": {
        "value": "{color.red.500}",
        "attributes": { "category": "alias", "type": "negative" }
      }
    },
    "support-text": {
      "color": {
        "value": "{color.red.500}",
        "attributes": { "category": "alias", "type": "negative" }
      }
    },
    "heading": {
      "color": {
        "value": "{color.grey.900}",
        "attributes": { "category": "alias", "type": "negative" }
      }
    },
    "paragraph": {
      "color": {
        "value": "{color.red.500}",
        "attributes": { "category": "alias", "type": "negative" }
      }
    },
    "description": {
      "color": {
        "value": "{color.red.500}",
        "attributes": { "category": "alias", "type": "negative" }
      }
    }
  },
  "on": {
    "negative": {
      "bg": {
        "color": {
          "value": "{color.red.400}",
          "attributes": { "category": "alias", "type": "negative" }
        }
      },
      "icon": {
        "color": {
          "value": "{color.red.400}",
          "attributes": { "category": "alias", "type": "negative" }
        }
      },
      "label": {
        "color": {
          "value": "{color.red.700}",
          "attributes": { "category": "alias", "type": "negative" }
        }
      },
      "placeholder": {
        "color": {
          "value": "{color.red.700}",
          "attributes": { "category": "alias", "type": "negative" }
        }
      },
      "heading": {
        "color": {
          "value": "{color.red.700}",
          "attributes": { "category": "alias", "type": "negative" }
        }
      },
      "paragraph": {
        "color": {
          "value": "{color.red.700}",
          "attributes": { "category": "alias", "type": "negative" }
        }
      },
      "description": {
        "color": {
          "value": "{color.red.700}",
          "attributes": { "category": "alias", "type": "negative" }
        }
      }
    }
  }
}
