{
  "pressed": {
    "contract": {
      "value": "-1.03",
      "attributes": { "category": "alias", "type": "pressed" }
    },
    "action-primary": {
      "value": "{color.blue.900}",
      "attributes": { "category": "alias", "type": "pressed" }
    },
    "container": {
      "value": "{opacity.super-high}",
      "attributes": { "category": "alias", "type": "pressed" }
    },
    "outline": {
      "value": "{color.blue.800}",
      "attributes": { "category": "alias", "type": "press ed" }
    }
  },
  "_pressed": {
    "ghost": {
      "value": "rgb({color.blue.50-rgb} / {opacity.high})",
      "attributes": { "category": "alias", "type": "pressed" }
    },
    "ghost-inverse": {
      "value": "rgb({color.blue.900-rgb} / {opacity.high})",
      "attributes": { "category": "alias", "type": "pressed" }
    }
  },
  "on_pressed": {
    "ghost": {
      "value": "rgb({color.grey.0-rgb} / {opacity.super-high})",
      "attributes": { "category": "alias", "type": "pressed" }
    }
  }
}
